{
  "generator-jhipster": {
    "promptValues": {
      "packageName": "com.mycompany.store",
      "nativeLanguage": "en"
    },
    "jhipsterVersion": "4.13.3",
    "baseName": "store",
    "packageName": "com.mycompany.store",
    "packageFolder": "com/mycompany/store",
    "serverPort": "8080",
    "authenticationType": "jwt",
    "hibernateCache": "hazelcast",
    "clusteredHttpSession": false,
    "websocket": "spring-websocket",
    "databaseType": "sql",
    "devDatabaseType": "h2Disk",
    "prodDatabaseType": "mysql",
    "searchEngine": false,
    "messageBroker": false,
    "serviceDiscoveryType": false,
    "buildTool": "gradle",
    "enableSocialSignIn": false,
    "enableSwaggerCodegen": false,
    "jwtSecretKey": "d98ac8deafa66f683e25f25c54889c62a125b7c9",
    "clientFramework": "angularX",
    "useSass": true,
    "clientPackageManager": "yarn",
    "applicationType": "monolith",
    "testFrameworks": [
      "protractor"
    ],
    "jhiPrefix": "jhi",
    "enableTranslation": true,
    "nativeLanguage": "en",
    "languages": [
      "en",
      "zh-cn"
    ],
    "cacheProvider": "hazelcast",
    "enableHibernateCache": true
  }
}