{
    "fluentMethods": true,
    "relationships": [
        {
            "relationshipType": "one-to-one",
            "relationshipName": "user",
            "otherEntityName": "user",
            "otherEntityField": "id",
            "ownerSide": true,
            "otherEntityRelationshipName": "customer"
        },
        {
            "relationshipType": "one-to-many",
            "relationshipName": "order",
            "otherEntityName": "productOrder",
            "otherEntityRelationshipName": "customer"
        }
    ],
    "fields": [
        {
            "fieldName": "firstName",
            "fieldType": "String",
            "fieldValidateRules": [
                "required"
            ]
        },
        {
            "fieldName": "lastName",
            "fieldType": "String",
            "fieldValidateRules": [
                "required"
            ]
        },
        {
            "fieldName": "gender",
            "fieldType": "Gender",
            "fieldValues": "MALE,FEMALE,OTHER",
            "fieldValidateRules": [
                "required"
            ]
        },
        {
            "fieldName": "email",
            "fieldType": "String",
            "fieldValidateRules": [
                "required",
                "pattern"
            ],
            "fieldValidateRulesPattern": "^[^@\\s]+@[^@\\s]+\\.[^@\\s]+$"
        },
        {
            "fieldName": "phone",
            "fieldType": "String",
            "fieldValidateRules": [
                "required"
            ]
        },
        {
            "fieldName": "addressLine1",
            "fieldType": "String",
            "fieldValidateRules": [
                "required"
            ]
        },
        {
            "fieldName": "addressLine2",
            "fieldType": "String"
        },
        {
            "fieldName": "city",
            "fieldType": "String",
            "fieldValidateRules": [
                "required"
            ]
        },
        {
            "fieldName": "country",
            "fieldType": "String",
            "fieldValidateRules": [
                "required"
            ]
        }
    ],
    "changelogDate": "20180114123500",
    "entityTableName": "customer",
    "dto": "no",
    "pagination": "pagination",
    "service": "serviceClass",
    "jpaMetamodelFiltering": false
}