{
    "fluentMethods": true,
    "relationships": [
        {
            "relationshipType": "one-to-many",
            "relationshipName": "shipment",
            "otherEntityName": "shipment",
            "otherEntityRelationshipName": "invoice"
        },
        {
            "relationshipType": "many-to-one",
            "relationshipName": "order",
            "otherEntityName": "productOrder",
            "otherEntityField": "id"
        }
    ],
    "fields": [
        {
            "fieldName": "date",
            "fieldType": "Instant",
            "fieldValidateRules": [
                "required"
            ]
        },
        {
            "fieldName": "details",
            "fieldType": "String"
        },
        {
            "fieldName": "status",
            "fieldType": "InvoiceStatus",
            "fieldValues": "PAID,ISSUED,CANCELLED",
            "fieldValidateRules": [
                "required"
            ]
        },
        {
            "fieldName": "paymentMethod",
            "fieldType": "PaymentMethod",
            "fieldValues": "CREDIT_CARD,CASH_ON_DELIVERY,PAYPAL",
            "fieldValidateRules": [
                "required"
            ]
        },
        {
            "fieldName": "paymentDate",
            "fieldType": "Instant",
            "fieldValidateRules": [
                "required"
            ]
        },
        {
            "fieldName": "paymentAmount",
            "fieldType": "BigDecimal",
            "fieldValidateRules": [
                "required"
            ]
        }
    ],
    "changelogDate": "20180114123503",
    "entityTableName": "invoice",
    "dto": "no",
    "pagination": "pagination",
    "service": "serviceClass",
    "jpaMetamodelFiltering": false
}