{
    "fluentMethods": true,
    "relationships": [
        {
            "relationshipType": "many-to-one",
            "relationshipName": "product",
            "otherEntityName": "product",
            "otherEntityField": "id"
        },
        {
            "relationshipType": "many-to-one",
            "relationshipName": "order",
            "otherEntityName": "productOrder",
            "otherEntityField": "id"
        }
    ],
    "fields": [
        {
            "fieldName": "quantity",
            "fieldType": "Integer",
            "fieldValidateRules": [
                "required",
                "min"
            ],
            "fieldValidateRulesMin": 0
        },
        {
            "fieldName": "totalPrice",
            "fieldType": "BigDecimal",
            "fieldValidateRules": [
                "required",
                "min"
            ],
            "fieldValidateRulesMin": 0
        },
        {
            "fieldName": "status",
            "fieldType": "OrderItemStatus",
            "fieldValues": "AVAILABLE,OUT_OF_STOCK,BACK_ORDER",
            "fieldValidateRules": [
                "required"
            ]
        }
    ],
    "changelogDate": "20180114123502",
    "entityTableName": "order_item",
    "dto": "no",
    "pagination": "pagination",
    "service": "serviceClass",
    "jpaMetamodelFiltering": false
}