{
    "fluentMethods": true,
    "relationships": [
        {
            "relationshipType": "one-to-many",
            "relationshipName": "orderItem",
            "otherEntityName": "orderItem",
            "otherEntityRelationshipName": "order"
        },
        {
            "relationshipType": "one-to-many",
            "relationshipName": "invoice",
            "otherEntityName": "invoice",
            "otherEntityRelationshipName": "order"
        },
        {
            "relationshipType": "many-to-one",
            "relationshipName": "customer",
            "otherEntityName": "customer",
            "otherEntityField": "id"
        }
    ],
    "fields": [
        {
            "fieldName": "placedDate",
            "fieldType": "Instant",
            "fieldValidateRules": [
                "required"
            ]
        },
        {
            "fieldName": "status",
            "fieldType": "OrderStatus",
            "fieldValues": "COMPLETED,PENDING,CANCELLED",
            "fieldValidateRules": [
                "required"
            ]
        },
        {
            "fieldName": "code",
            "fieldType": "String",
            "fieldValidateRules": [
                "required"
            ]
        }
    ],
    "changelogDate": "20180114123501",
    "entityTableName": "product_order",
    "dto": "no",
    "pagination": "pagination",
    "service": "serviceClass",
    "jpaMetamodelFiltering": false
}