{
    "fluentMethods": true,
    "relationships": [
        {
            "relationshipType": "many-to-one",
            "relationshipName": "invoice",
            "otherEntityName": "invoice",
            "otherEntityField": "id"
        }
    ],
    "fields": [
        {
            "fieldName": "trackingCode",
            "fieldType": "String"
        },
        {
            "fieldName": "date",
            "fieldType": "Instant",
            "fieldValidateRules": [
                "required"
            ]
        },
        {
            "fieldName": "details",
            "fieldType": "String"
        }
    ],
    "changelogDate": "20180114123504",
    "entityTableName": "shipment",
    "dto": "no",
    "pagination": "pagination",
    "service": "serviceClass",
    "jpaMetamodelFiltering": false
}